# of Samples,Mean Squared Error
289,0.975951572752761
269,0.9733494958682062
249,0.9780242515993174
229,0.9926293997322985
209,1.034915633313108
189,1.0689816365966405
169,1.0730679263347775
149,1.0494254686171196
129,0.9894137357190781
109,1.012178775592785
89,1.1000905578514968
69,1.0380744771560235
49,1.2264950054371906
29,1.430956849223846
